Lambda,Accuracy,Sparsity
0.01,38.41,56.052219995140916
0.1,39.08,60.90257531584062
1.0,40.4,63.398171768707485
